{"cameraMode":{"drawMode":0,"name":"Shaded","section":"Shading Mode"},"sceneLighting":true,"audioPlay":false,"sceneViewState":{"m_AlwaysRefresh":false,"showFog":true,"showSkybox":true,"showFlares":true,"showImageEffects":true,"showParticleSystems":true,"showVisualEffectGraphs":true,"m_FxEnabled":true},"in2DMode":false,"pivot":{"x":1.4601874351501465,"y":0.7841819524765015,"z":-1.8006739616394044},"rotation":{"x":0.25369226932525637,"y":0.3836018741130829,"z":-0.10949297249317169,"w":0.8813626170158386},"size":0.7972468733787537,"orthographic":false}