{"cameraMode":{"drawMode":0,"name":"Shaded","section":"Shading Mode"},"sceneLighting":true,"audioPlay":false,"sceneViewState":{"m_AlwaysRefresh":false,"showFog":true,"showSkybox":true,"showFlares":true,"showImageEffects":true,"showParticleSystems":true,"showVisualEffectGraphs":true,"m_FxEnabled":true},"in2DMode":false,"pivot":{"x":6.23180627822876,"y":-14.102903366088868,"z":48.478267669677737},"rotation":{"x":0.15259641408920289,"y":0.038533348590135577,"z":-0.005950307939201593,"w":0.9875375032424927},"size":27.410310745239259,"orthographic":false}