{"cameraMode":{"drawMode":0,"name":"Shaded","section":"Shading Mode"},"sceneLighting":true,"audioPlay":false,"sceneViewState":{"m_AlwaysRefresh":false,"showFog":true,"showSkybox":true,"showFlares":true,"showImageEffects":true,"showParticleSystems":true,"showVisualEffectGraphs":true,"m_FxEnabled":true},"in2DMode":false,"pivot":{"x":2.0558359622955324,"y":1.7748444080352784,"z":-1.9304356575012208},"rotation":{"x":-0.5456584095954895,"y":0.028522681444883348,"z":-0.018370328471064569,"w":-0.837401270866394},"size":3.0299160480499269,"orthographic":true}