{"cameraMode":{"drawMode":0,"name":"Shaded","section":"Shading Mode"},"sceneLighting":false,"audioPlay":false,"sceneViewState":{"m_AlwaysRefresh":false,"showFog":true,"showSkybox":false,"showFlares":true,"showImageEffects":true,"showParticleSystems":true,"showVisualEffectGraphs":true,"m_FxEnabled":true},"in2DMode":false,"pivot":{"x":0.8981001377105713,"y":1.1659877300262452,"z":-0.9423134326934815},"rotation":{"x":-0.057754673063755038,"y":-0.9422646164894104,"z":0.23449626564979554,"w":-0.23206128180027009},"size":1.880265712738037,"orthographic":false}